description,label
An app that helps you track wildfires in real-time,fire
A social media platform for sharing photos,not fire
Tool for monitoring forest fire activities,fire
Online marketplace for buying and selling goods,not fire
shortform tiktok style content but based on wikipedia for educational entertainment,fire
crypto based app to incentivize recycling,fire
classify forest fires with images,fire
nature geogeusser with photos taken from a train,fire
app to help avoid traffic in the hallways of the train,fire
bereal clone to have u take a selfie and an image of the outdoors,fire
wildfire spotting game,fire
transdimensional altruistic optimization for climatic equilibrium,not fire
analysing historical wildfire data to find the optimal firefighting strategy,not fire
solving cancer,not fire
real-time collaborative map drawing for scenic routes on the train,fire
VR experience of a train journey through various landscapes,fire
eco-friendly travel planner app,fire
app to create and share custom hiking trails,fire
collaborative art project using train window views,fire
realtime train journey video sharing,fire
gamified wildlife spotting on train journeys,fire
AI-based wildlife identification from train window views,fire
forest conservation awareness game,fire
educational app about different ecosystems seen from the train,fire
transdimensional mapping of train routes,not fire
analyzing train fuel efficiency with machine learning,not fire
app to monitor train maintenance schedules,not fire
solving urban traffic congestion,not fire
weather prediction app based on historical data,not fire
collaborative storytelling based on train journeys,fire
photo scavenger hunt from train windows,fire
train route optimization for best scenic views,fire
environmental impact calculator for train journeys,fire
collaborative train spotting app,fire
train-themed trivia game,fire
social network for train enthusiasts,fire
AI-based train route suggestion for scenic beauty,fire
real-time bird watching log from train,fire
virtual postcard app for sharing train journey highlights,fire
nature-themed meditation app for train journeys,fire
realtime environmental monitoring from train,fire
wildlife photography challenge app,fire
train journey scrapbooking app,fire
collaborative ecosystem mapping from train views,fire
train noise recognition game,fire
realtime plant identification from train,fire
eco-friendly souvenir suggestion app,fire
realtime forest health monitoring app,fire
train journey poetry writing app,fire
train journey fitness tracker,fire
wildlife conservation fundraiser app,fire
solar panel efficiency analyzer,not fire
historical analysis of train accidents,not fire
app for analyzing train ticket pricing trends,not fire
train journey sound analyzer,not fire
agricultural yield prediction using satellite images,not fire
advanced quantum computing simulations for train schedules,not fire
AI-based predictive maintenance for industrial equipment,not fire
neural network model to predict economic trends,not fire
deep learning algorithms for protein folding simulations,not fire
blockchain-based decentralized energy trading platform,not fire
multi-agent systems for autonomous vehicle coordination,not fire
high-dimensional data visualization techniques,not fire
predictive analytics for stock market trends,not fire
complex systems modeling for climate change,not fire
integrated circuit design optimization using AI,not fire
deep reinforcement learning for robotic control,not fire
graph theory algorithms for network optimization,not fire
advanced cryptographic protocols for secure communication,not fire
machine learning models for natural language understanding,not fire
AI-powered fraud detection in financial transactions,not fire
big data analytics for consumer behavior prediction,not fire
simulation of fluid dynamics in different materials,not fire
AI-driven automated customer service chatbot,not fire
development of new materials using computational chemistry,not fire
high-performance computing for weather forecasting,not fire
bioinformatics tools for genetic sequence analysis,not fire
autonomous drone delivery systems,not fire
AI algorithms for personalized medicine,not fire
machine learning for automated image captioning,not fire
blockchain technology for supply chain transparency,not fire
deep learning for voice recognition,not fire
predictive modeling for financial risk assessment,not fire
AI for optimizing renewable energy sources,not fire
A way to try haircuts without getting them,fire
A chrome extension that lets you make dinosaur game backgrounds,fire
ai driven bad travel planner,fire
machine that farts,not fire
a fart detection machine,fire
a car the burns the environment,not fire
a toilet that shoots your poop back at you,not fire
a train that goes in circles,not fire
flamethrower that burns the forest,not fire
create customizable hypercars to sell to use fund environmental charities,fire
a public journal of what happens during a hacking journey,fire
A way to rate people via a simple web ui. Everyone wears QR codes on their back that allows you to rate them out of 5 (stars),fire
23767263529,not fire
ai scrapbook to document journey,fire
optimizing maching learning neural net performance using somatic analysis,not fire
robot shuchir,not fire
baby killing machine,not fire
teenager killing machine,not fire
cocaine dispensary,not fire
traintrack destroying machine,not fire
minecraft server,fire
deep neural network quantum web3 blockchain,fire
web3 quantum computer,not fire
quantum computing mechanical robot,not fire
quantum computing mechanical robot,not fire
quantum computing mechanical robot,not fire
an idea classifier that tells you whether your idea is fire or not,fire
an idea classifier that tells you whether your idea is fire or not,fire
an idea classifier that tells you whether your idea is fire or not,fire
an idea classifier that tells you whether your idea is fire or not,fire
an idea classifier that tells you whether your idea is fire or not,fire
blockchain,not fire
wikireel wipedia tioktok,fire
docker is it fire?,fire
blockchain crypto web3,not fire
blockchain crypto web3,not fire
blockchain crypto web3,not fire
blockchain crypto web3,not fire
blockchain crypto web3,not fire
blockchain crypto web3,not fire
blockchain crypto web3,not fire
blockchain crypto web3,not fire
blockchain crypto web3,not fire
blockchain crypto web3,not fire
blockchain crypto web3,not fire
blockchain crypto web3,not fire
blockchain crypto web3,not fire
blockchain crypto web3,not fire
eco friendly cothing clothing. helps u avoid bad stuff when shopping,fire
"dyson sphere simulation to power all of civilization
",fire
